ID,affairs,d_affairs,yearsmarried,rating,religiousness,age,,,,,,,,,,,,,,,,,,,,,,,,
4,0,0,10,4,3,37,,,,,,,,,,,,,,,,,,,,,,,,
5,0,0,4,4,4,27,,,,,,,,,,,,,,,,,,,,,,,,
6,3,1,1.5,4,3,27,,,,,,,,,,,,,,,,,,,,,,,,
11,0,0,15,4,1,32,,,,,,,,,,,,,,,,,,,,,,,,
12,3,1,4,5,3,27,,,,,,,,,,,,,,,,,,,,,,,,
16,0,0,15,5,5,57,,,,,,,,,,,,,,,,,,,,,,,,
23,0,0,0.75,3,2,22,,,,,,,,,,,,,,,,,,,,,,,,
29,0,0,1.5,5,2,32,,,,,,,,,,,,,,,,,,,,,,,,
43,7,1,15,2,5,37,,,,,,,,,,,,,,,,,,,,,,,,
44,0,0,0.75,3,2,22,,,,,,,,,,,,,,,,,,,,,,,,
45,0,0,15,4,2,57,,,,,,,,,,,,,,,,,,,,,,,,
47,0,0,15,2,4,32,,,,,,,,,,,,,,,,,,,,,,,,
49,0,0,1.5,5,4,22,,,,,,,,,,,,,,,,,,,,,,,,
50,0,0,15,2,2,37,,,,,,,,,,,,,,,,,,,,,,,,
53,12,1,10,2,3,32,,,,,,,,,,,,,,,,,,,,,,,,
55,0,0,4,4,4,27,,,,,,,,,,,,,,,,,,,,,,,,
64,0,0,15,4,5,47,,,,,,,,,,,,,,,,,,,,,,,,
67,1,1,0.125,5,4,22,,,,,,,,,,,,,,,,,,,,,,,,
79,1,1,1.5,5,2,22,,,,,,,,,,,,,,,,,,,,,,,,
80,0,0,1.5,4,2,22,,,,,,,,,,,,,,,,,,,,,,,,
86,0,0,4,4,4,27,,,,,,,,,,,,,,,,,,,,,,,,
93,0,0,15,5,1,37,,,,,,,,,,,,,,,,,,,,,,,,
108,0,0,15,3,2,37,,,,,,,,,,,,,,,,,,,,,,,,
114,0,0,0.75,4,3,22,,,,,,,,,,,,,,,,,,,,,,,,
115,0,0,1.5,5,2,22,,,,,,,,,,,,,,,,,,,,,,,,
116,0,0,10,5,2,27,,,,,,,,,,,,,,,,,,,,,,,,
122,12,1,15,2,4,37,,,,,,,,,,,,,,,,,,,,,,,,
123,0,0,1.5,5,2,22,,,,,,,,,,,,,,,,,,,,,,,,
126,7,1,1.5,4,2,22,,,,,,,,,,,,,,,,,,,,,,,,
127,0,0,1.5,5,2,22,,,,,,,,,,,,,,,,,,,,,,,,
129,0,0,10,4,4,27,,,,,,,,,,,,,,,,,,,,,,,,
133,2,1,15,4,2,37,,,,,,,,,,,,,,,,,,,,,,,,
134,0,0,10,5,3,32,,,,,,,,,,,,,,,,,,,,,,,,
137,0,0,4,4,2,37,,,,,,,,,,,,,,,,,,,,,,,,
138,3,1,15,2,4,32,,,,,,,,,,,,,,,,,,,,,,,,
139,0,0,1.5,5,2,22,,,,,,,,,,,,,,,,,,,,,,,,
147,0,0,7,5,4,27,,,,,,,,,,,,,,,,,,,,,,,,
151,0,0,15,4,5,42,,,,,,,,,,,,,,,,,,,,,,,,
153,0,0,4,5,3,27,,,,,,,,,,,,,,,,,,,,,,,,
154,1,1,15,2,4,37,,,,,,,,,,,,,,,,,,,,,,,,
155,0,0,4,4,3,27,,,,,,,,,,,,,,,,,,,,,,,,
159,7,1,15,4,3,42,,,,,,,,,,,,,,,,,,,,,,,,
162,0,0,15,3,4,42,,,,,,,,,,,,,,,,,,,,,,,,
163,0,0,1.5,5,3,22,,,,,,,,,,,,,,,,,,,,,,,,
165,0,0,0.417,4,4,27,,,,,,,,,,,,,,,,,,,,,,,,
168,0,0,15,4,5,42,,,,,,,,,,,,,,,,,,,,,,,,
170,0,0,4,4,1,32,,,,,,,,,,,,,,,,,,,,,,,,
172,0,0,1.5,3,4,22,,,,,,,,,,,,,,,,,,,,,,,,
174,12,1,15,1,5,42,,,,,,,,,,,,,,,,,,,,,,,,
176,12,1,10,2,2,37,,,,,,,,,,,,,,,,,,,,,,,,
181,12,1,15,2,3,32,,,,,,,,,,,,,,,,,,,,,,,,
182,3,1,4,5,1,27,,,,,,,,,,,,,,,,,,,,,,,,
184,0,0,15,4,3,42,,,,,,,,,,,,,,,,,,,,,,,,
186,7,1,10,3,2,37,,,,,,,,,,,,,,,,,,,,,,,,
187,0,0,4,5,4,22,,,,,,,,,,,,,,,,,,,,,,,,
189,7,1,4,5,3,27,,,,,,,,,,,,,,,,,,,,,,,,
192,0,0,1.5,5,1,22,,,,,,,,,,,,,,,,,,,,,,,,
194,0,0,0.75,5,3,22,,,,,,,,,,,,,,,,,,,,,,,,
204,1,1,15,5,4,42,,,,,,,,,,,,,,,,,,,,,,,,
210,0,0,10,5,5,32,,,,,,,,,,,,,,,,,,,,,,,,
215,1,1,15,5,5,47,,,,,,,,,,,,,,,,,,,,,,,,
217,0,0,15,3,5,52,,,,,,,,,,,,,,,,,,,,,,,,
220,0,0,0.417,4,5,22,,,,,,,,,,,,,,,,,,,,,,,,
224,0,0,4,1,2,27,,,,,,,,,,,,,,,,,,,,,,,,
227,0,0,7,3,5,32,,,,,,,,,,,,,,,,,,,,,,,,
228,0,0,4,5,3,22,,,,,,,,,,,,,,,,,,,,,,,,
232,7,1,4,4,3,27,,,,,,,,,,,,,,,,,,,,,,,,
233,1,1,7,4,5,27,,,,,,,,,,,,,,,,,,,,,,,,
239,0,0,7,5,4,27,,,,,,,,,,,,,,,,,,,,,,,,
241,0,0,15,4,2,42,,,,,,,,,,,,,,,,,,,,,,,,
245,0,0,1.5,5,4,27,,,,,,,,,,,,,,,,,,,,,,,,
249,0,0,15,4,2,42,,,,,,,,,,,,,,,,,,,,,,,,
252,12,1,1.5,4,3,27,,,,,,,,,,,,,,,,,,,,,,,,
253,12,1,7,2,4,27,,,,,,,,,,,,,,,,,,,,,,,,
262,0,0,0.75,5,5,22,,,,,,,,,,,,,,,,,,,,,,,,
265,0,0,7,4,2,32,,,,,,,,,,,,,,,,,,,,,,,,
267,0,0,4,5,5,27,,,,,,,,,,,,,,,,,,,,,,,,
269,0,0,10,4,4,27,,,,,,,,,,,,,,,,,,,,,,,,
271,0,0,4,5,1,22,,,,,,,,,,,,,,,,,,,,,,,,
274,3,1,15,4,4,42,,,,,,,,,,,,,,,,,,,,,,,,
275,7,1,10,3,4,27,,,,,,,,,,,,,,,,,,,,,,,,
277,0,0,15,1,4,37,,,,,,,,,,,,,,,,,,,,,,,,
287,1,1,1.5,2,2,27,,,,,,,,,,,,,,,,,,,,,,,,
288,1,1,4,4,4,32,,,,,,,,,,,,,,,,,,,,,,,,
290,0,0,1.5,4,5,22,,,,,,,,,,,,,,,,,,,,,,,,
292,0,0,15,5,4,37,,,,,,,,,,,,,,,,,,,,,,,,
293,0,0,0.75,4,4,27,,,,,,,,,,,,,,,,,,,,,,,,
295,0,0,10,4,4,32,,,,,,,,,,,,,,,,,,,,,,,,
299,0,0,15,2,5,47,,,,,,,,,,,,,,,,,,,,,,,,
320,0,0,10,4,3,37,,,,,,,,,,,,,,,,,,,,,,,,
321,0,0,0.75,5,2,22,,,,,,,,,,,,,,,,,,,,,,,,
324,0,0,4,5,2,27,,,,,,,,,,,,,,,,,,,,,,,,
325,1,1,7,3,3,27,,,,,,,,,,,,,,,,,,,,,,,,
328,3,1,10,4,4,32,,,,,,,,,,,,,,,,,,,,,,,,
334,0,0,7,4,4,32,,,,,,,,,,,,,,,,,,,,,,,,
344,3,1,4,2,2,27,,,,,,,,,,,,,,,,,,,,,,,,
351,0,0,15,5,2,42,,,,,,,,,,,,,,,,,,,,,,,,
353,1,1,0.75,5,5,17.5,,,,,,,,,,,,,,,,,,,,,,,,
354,1,1,10,5,4,32,,,,,,,,,,,,,,,,,,,,,,,,
355,0,0,10,4,4,37,,,,,,,,,,,,,,,,,,,,,,,,
361,0,0,15,5,3,47,,,,,,,,,,,,,,,,,,,,,,,,
362,0,0,1.5,5,5,22,,,,,,,,,,,,,,,,,,,,,,,,
366,0,0,1.5,4,2,27,,,,,,,,,,,,,,,,,,,,,,,,
367,7,1,7,4,2,32,,,,,,,,,,,,,,,,,,,,,,,,
369,7,1,15,4,2,37,,,,,,,,,,,,,,,,,,,,,,,,
370,0,0,4,5,3,27,,,,,,,,,,,,,,,,,,,,,,,,
374,0,0,10,5,5,32,,,,,,,,,,,,,,,,,,,,,,,,
378,0,0,0.125,5,2,22,,,,,,,,,,,,,,,,,,,,,,,,
381,0,0,15,3,4,47,,,,,,,,,,,,,,,,,,,,,,,,
382,0,0,15,5,1,32,,,,,,,,,,,,,,,,,,,,,,,,
383,0,0,7,5,4,27,,,,,,,,,,,,,,,,,,,,,,,,
384,0,0,1.5,5,3,22,,,,,,,,,,,,,,,,,,,,,,,,
390,7,1,10,3,1,37,,,,,,,,,,,,,,,,,,,,,,,,
392,12,1,10,5,2,32,,,,,,,,,,,,,,,,,,,,,,,,
400,0,0,4,5,3,27,,,,,,,,,,,,,,,,,,,,,,,,
403,0,0,1.5,5,3,22,,,,,,,,,,,,,,,,,,,,,,,,
409,0,0,15,2,2,57,,,,,,,,,,,,,,,,,,,,,,,,
412,0,0,1.5,5,3,17.5,,,,,,,,,,,,,,,,,,,,,,,,
413,0,0,15,5,4,57,,,,,,,,,,,,,,,,,,,,,,,,
416,0,0,0.75,4,2,22,,,,,,,,,,,,,,,,,,,,,,,,
418,0,0,4,3,4,42,,,,,,,,,,,,,,,,,,,,,,,,
422,0,0,1.5,5,4,22,,,,,,,,,,,,,,,,,,,,,,,,
423,7,1,15,4,2,52,,,,,,,,,,,,,,,,,,,,,,,,
432,7,1,15,3,1,42,,,,,,,,,,,,,,,,,,,,,,,,
435,0,0,0.417,4,1,22,,,,,,,,,,,,,,,,,,,,,,,,
436,1,1,15,3,2,52,,,,,,,,,,,,,,,,,,,,,,,,
439,0,0,15,5,4,32,,,,,,,,,,,,,,,,,,,,,,,,
445,0,0,1.5,2,3,27,,,,,,,,,,,,,,,,,,,,,,,,
447,0,0,1.5,5,3,22,,,,,,,,,,,,,,,,,,,,,,,,
448,0,0,15,4,3,37,,,,,,,,,,,,,,,,,,,,,,,,
449,0,0,15,4,4,32,,,,,,,,,,,,,,,,,,,,,,,,
478,0,0,10,3,2,37,,,,,,,,,,,,,,,,,,,,,,,,
482,0,0,10,4,4,37,,,,,,,,,,,,,,,,,,,,,,,,
483,2,1,15,5,3,37,,,,,,,,,,,,,,,,,,,,,,,,
486,0,0,15,3,5,57,,,,,,,,,,,,,,,,,,,,,,,,
489,0,0,0.417,4,1,27,,,,,,,,,,,,,,,,,,,,,,,,
490,0,0,15,5,5,42,,,,,,,,,,,,,,,,,,,,,,,,
491,0,0,15,1,3,57,,,,,,,,,,,,,,,,,,,,,,,,
492,0,0,10,4,1,37,,,,,,,,,,,,,,,,,,,,,,,,
503,0,0,15,5,3,37,,,,,,,,,,,,,,,,,,,,,,,,
508,0,0,15,5,4,37,,,,,,,,,,,,,,,,,,,,,,,,
509,0,0,10,5,5,27,,,,,,,,,,,,,,,,,,,,,,,,
512,0,0,10,4,2,37,,,,,,,,,,,,,,,,,,,,,,,,
513,12,1,4,4,3,22,,,,,,,,,,,,,,,,,,,,,,,,
515,0,0,0.125,5,4,22,,,,,,,,,,,,,,,,,,,,,,,,
516,12,1,7,2,1,27,,,,,,,,,,,,,,,,,,,,,,,,
517,0,0,15,5,5,57,,,,,,,,,,,,,,,,,,,,,,,,
518,1,1,4,5,3,27,,,,,,,,,,,,,,,,,,,,,,,,
520,12,1,15,5,4,47,,,,,,,,,,,,,,,,,,,,,,,,
526,12,1,15,1,4,42,,,,,,,,,,,,,,,,,,,,,,,,
528,7,1,4,4,3,27,,,,,,,,,,,,,,,,,,,,,,,,
532,0,0,15,4,4,37,,,,,,,,,,,,,,,,,,,,,,,,
533,0,0,4,4,4,22,,,,,,,,,,,,,,,,,,,,,,,,
535,0,0,7,4,4,27,,,,,,,,,,,,,,,,,,,,,,,,
537,0,0,15,4,4,57,,,,,,,,,,,,,,,,,,,,,,,,
538,0,0,15,3,3,32,,,,,,,,,,,,,,,,,,,,,,,,
543,0,0,1.5,4,2,22,,,,,,,,,,,,,,,,,,,,,,,,
547,0,0,7,5,4,32,,,,,,,,,,,,,,,,,,,,,,,,
550,0,0,15,5,4,37,,,,,,,,,,,,,,,,,,,,,,,,
553,7,1,7,5,4,32,,,,,,,,,,,,,,,,,,,,,,,,
558,0,0,1.5,5,5,32,,,,,,,,,,,,,,,,,,,,,,,,
571,0,0,10,4,5,42,,,,,,,,,,,,,,,,,,,,,,,,
576,1,1,0.417,4,3,32,,,,,,,,,,,,,,,,,,,,,,,,
578,0,0,7,4,3,27,,,,,,,,,,,,,,,,,,,,,,,,
583,0,0,15,5,4,37,,,,,,,,,,,,,,,,,,,,,,,,
586,0,0,15,2,4,37,,,,,,,,,,,,,,,,,,,,,,,,
594,0,0,10,4,5,32,,,,,,,,,,,,,,,,,,,,,,,,
597,0,0,0.75,5,4,22,,,,,,,,,,,,,,,,,,,,,,,,
602,0,0,7,4,4,27,,,,,,,,,,,,,,,,,,,,,,,,
603,0,0,7,5,2,27,,,,,,,,,,,,,,,,,,,,,,,,
604,0,0,15,4,5,42,,,,,,,,,,,,,,,,,,,,,,,,
611,3,1,15,4,5,47,,,,,,,,,,,,,,,,,,,,,,,,
612,0,0,15,3,4,42,,,,,,,,,,,,,,,,,,,,,,,,
613,0,0,7,2,2,27,,,,,,,,,,,,,,,,,,,,,,,,
621,0,0,1.5,5,3,22,,,,,,,,,,,,,,,,,,,,,,,,
625,12,1,15,4,2,37,,,,,,,,,,,,,,,,,,,,,,,,
627,0,0,15,5,5,37,,,,,,,,,,,,,,,,,,,,,,,,
630,0,0,0.125,5,2,22,,,,,,,,,,,,,,,,,,,,,,,,
631,0,0,1.5,5,4,27,,,,,,,,,,,,,,,,,,,,,,,,
632,0,0,1.5,5,2,32,,,,,,,,,,,,,,,,,,,,,,,,
635,7,1,4,4,2,22,,,,,,,,,,,,,,,,,,,,,,,,
639,0,0,1.5,5,2,27,,,,,,,,,,,,,,,,,,,,,,,,
645,0,0,10,3,4,27,,,,,,,,,,,,,,,,,,,,,,,,
646,1,1,4,5,2,27,,,,,,,,,,,,,,,,,,,,,,,,
647,0,0,15,5,4,42,,,,,,,,,,,,,,,,,,,,,,,,
648,0,0,1.5,5,2,27,,,,,,,,,,,,,,,,,,,,,,,,
651,0,0,4,3,2,27,,,,,,,,,,,,,,,,,,,,,,,,
655,0,0,10,3,3,32,,,,,,,,,,,,,,,,,,,,,,,,
657,7,1,15,3,5,52,,,,,,,,,,,,,,,,,,,,,,,,
659,1,1,4,3,3,27,,,,,,,,,,,,,,,,,,,,,,,,
666,1,1,10,4,4,27,,,,,,,,,,,,,,,,,,,,,,,,
667,0,0,15,4,3,32,,,,,,,,,,,,,,,,,,,,,,,,
670,0,0,0.75,5,2,22,,,,,,,,,,,,,,,,,,,,,,,,
671,0,0,15,4,2,37,,,,,,,,,,,,,,,,,,,,,,,,
673,0,0,4,5,4,27,,,,,,,,,,,,,,,,,,,,,,,,
679,1,1,7,4,3,32,,,,,,,,,,,,,,,,,,,,,,,,
701,0,0,4,4,1,27,,,,,,,,,,,,,,,,,,,,,,,,
705,0,0,10,4,2,27,,,,,,,,,,,,,,,,,,,,,,,,
706,0,0,15,4,5,32,,,,,,,,,,,,,,,,,,,,,,,,
709,0,0,7,3,5,27,,,,,,,,,,,,,,,,,,,,,,,,
717,0,0,15,4,2,52,,,,,,,,,,,,,,,,,,,,,,,,
719,0,0,4,3,3,27,,,,,,,,,,,,,,,,,,,,,,,,
723,0,0,4,4,1,37,,,,,,,,,,,,,,,,,,,,,,,,
724,0,0,4,4,4,27,,,,,,,,,,,,,,,,,,,,,,,,
726,0,0,15,3,5,52,,,,,,,,,,,,,,,,,,,,,,,,
729,7,1,7,1,2,32,,,,,,,,,,,,,,,,,,,,,,,,
734,0,0,15,4,4,57,,,,,,,,,,,,,,,,,,,,,,,,
735,0,0,7,4,1,27,,,,,,,,,,,,,,,,,,,,,,,,
736,0,0,7,3,4,37,,,,,,,,,,,,,,,,,,,,,,,,
737,0,0,0.75,3,2,22,,,,,,,,,,,,,,,,,,,,,,,,
739,0,0,4,3,2,32,,,,,,,,,,,,,,,,,,,,,,,,
743,0,0,15,3,4,37,,,,,,,,,,,,,,,,,,,,,,,,
745,0,0,0.75,3,2,22,,,,,,,,,,,,,,,,,,,,,,,,
747,0,0,15,3,4,42,,,,,,,,,,,,,,,,,,,,,,,,
751,0,0,15,1,5,52,,,,,,,,,,,,,,,,,,,,,,,,
752,0,0,15,2,4,37,,,,,,,,,,,,,,,,,,,,,,,,
754,0,0,7,3,4,27,,,,,,,,,,,,,,,,,,,,,,,,
755,3,1,1.5,2,1,22,,,,,,,,,,,,,,,,,,,,,,,,
758,7,1,4,4,3,22,,,,,,,,,,,,,,,,,,,,,,,,
760,0,0,4,5,2,32,,,,,,,,,,,,,,,,,,,,,,,,
763,0,0,4,5,2,27,,,,,,,,,,,,,,,,,,,,,,,,
770,7,1,15,4,4,42,,,,,,,,,,,,,,,,,,,,,,,,
774,0,0,4,5,2,27,,,,,,,,,,,,,,,,,,,,,,,,
776,0,0,15,5,5,37,,,,,,,,,,,,,,,,,,,,,,,,
779,0,0,15,4,5,47,,,,,,,,,,,,,,,,,,,,,,,,
784,0,0,10,4,3,32,,,,,,,,,,,,,,,,,,,,,,,,
786,2,1,15,4,1,57,,,,,,,,,,,,,,,,,,,,,,,,
788,0,0,1.5,2,4,27,,,,,,,,,,,,,,,,,,,,,,,,
794,0,0,15,2,2,57,,,,,,,,,,,,,,,,,,,,,,,,
795,0,0,1.5,4,4,22,,,,,,,,,,,,,,,,,,,,,,,,
797,7,1,4,2,3,32,,,,,,,,,,,,,,,,,,,,,,,,
798,0,0,15,4,3,42,,,,,,,,,,,,,,,,,,,,,,,,
800,0,0,15,2,4,57,,,,,,,,,,,,,,,,,,,,,,,,
803,0,0,15,5,4,57,,,,,,,,,,,,,,,,,,,,,,,,
807,0,0,0.125,5,4,22,,,,,,,,,,,,,,,,,,,,,,,,
811,1,1,4,4,1,27,,,,,,,,,,,,,,,,,,,,,,,,
812,0,0,10,5,4,32,,,,,,,,,,,,,,,,,,,,,,,,
820,0,0,15,4,3,42,,,,,,,,,,,,,,,,,,,,,,,,
823,0,0,1.5,5,2,27,,,,,,,,,,,,,,,,,,,,,,,,
830,0,0,0.125,2,2,32,,,,,,,,,,,,,,,,,,,,,,,,
834,7,1,7,4,4,32,,,,,,,,,,,,,,,,,,,,,,,,
843,0,0,4,4,3,27,,,,,,,,,,,,,,,,,,,,,,,,
848,0,0,10,4,2,27,,,,,,,,,,,,,,,,,,,,,,,,
851,0,0,7,3,4,32,,,,,,,,,,,,,,,,,,,,,,,,
854,0,0,15,4,4,37,,,,,,,,,,,,,,,,,,,,,,,,
856,0,0,15,2,5,42,,,,,,,,,,,,,,,,,,,,,,,,
857,0,0,1.5,5,4,32,,,,,,,,,,,,,,,,,,,,,,,,
858,2,1,15,4,1,57,,,,,,,,,,,,,,,,,,,,,,,,
859,0,0,4,3,3,32,,,,,,,,,,,,,,,,,,,,,,,,
863,0,0,7,5,4,37,,,,,,,,,,,,,,,,,,,,,,,,
865,0,0,0.417,5,3,22,,,,,,,,,,,,,,,,,,,,,,,,
867,0,0,7,5,4,27,,,,,,,,,,,,,,,,,,,,,,,,
870,0,0,0.75,5,3,27,,,,,,,,,,,,,,,,,,,,,,,,
873,0,0,4,5,2,27,,,,,,,,,,,,,,,,,,,,,,,,
875,0,0,10,5,4,32,,,,,,,,,,,,,,,,,,,,,,,,
876,0,0,15,5,1,32,,,,,,,,,,,,,,,,,,,,,,,,
877,0,0,0.75,5,3,22,,,,,,,,,,,,,,,,,,,,,,,,
880,0,0,7,4,4,27,,,,,,,,,,,,,,,,,,,,,,,,
885,7,1,15,2,4,42,,,,,,,,,,,,,,,,,,,,,,,,
893,7,1,10,3,1,37,,,,,,,,,,,,,,,,,,,,,,,,
903,0,0,0.417,4,4,27,,,,,,,,,,,,,,,,,,,,,,,,
904,0,0,15,4,4,37,,,,,,,,,,,,,,,,,,,,,,,,
905,0,0,15,3,2,37,,,,,,,,,,,,,,,,,,,,,,,,
908,0,0,4,4,1,22,,,,,,,,,,,,,,,,,,,,,,,,
909,0,0,15,3,4,37,,,,,,,,,,,,,,,,,,,,,,,,
910,0,0,1.5,5,2,22,,,,,,,,,,,,,,,,,,,,,,,,
912,0,0,15,2,4,52,,,,,,,,,,,,,,,,,,,,,,,,
914,0,0,1.5,5,4,22,,,,,,,,,,,,,,,,,,,,,,,,
915,0,0,4,5,5,32,,,,,,,,,,,,,,,,,,,,,,,,
916,0,0,4,5,2,32,,,,,,,,,,,,,,,,,,,,,,,,
920,0,0,1.5,5,3,22,,,,,,,,,,,,,,,,,,,,,,,,
921,0,0,0.75,3,2,27,,,,,,,,,,,,,,,,,,,,,,,,
925,0,0,7,2,2,22,,,,,,,,,,,,,,,,,,,,,,,,
926,0,0,0.75,3,2,27,,,,,,,,,,,,,,,,,,,,,,,,
927,3,1,15,1,3,42,,,,,,,,,,,,,,,,,,,,,,,,
928,1,1,15,4,3,52,,,,,,,,,,,,,,,,,,,,,,,,
929,0,0,15,2,4,37,,,,,,,,,,,,,,,,,,,,,,,,
931,0,0,1.5,5,1,22,,,,,,,,,,,,,,,,,,,,,,,,
933,2,1,7,3,3,27,,,,,,,,,,,,,,,,,,,,,,,,
945,0,0,10,4,2,37,,,,,,,,,,,,,,,,,,,,,,,,
947,0,0,15,3,4,37,,,,,,,,,,,,,,,,,,,,,,,,
949,0,0,15,3,3,42,,,,,,,,,,,,,,,,,,,,,,,,
950,0,0,4,5,2,22,,,,,,,,,,,,,,,,,,,,,,,,
951,12,1,7,2,2,32,,,,,,,,,,,,,,,,,,,,,,,,
961,0,0,7,2,2,52,,,,,,,,,,,,,,,,,,,,,,,,
965,0,0,0.75,5,2,27,,,,,,,,,,,,,,,,,,,,,,,,
966,0,0,4,5,2,27,,,,,,,,,,,,,,,,,,,,,,,,
967,0,0,1.5,5,5,42,,,,,,,,,,,,,,,,,,,,,,,,
968,1,1,4,5,4,22,,,,,,,,,,,,,,,,,,,,,,,,
972,3,1,7,4,3,27,,,,,,,,,,,,,,,,,,,,,,,,
975,12,1,15,5,1,37,,,,,,,,,,,,,,,,,,,,,,,,
977,7,1,15,3,3,32,,,,,,,,,,,,,,,,,,,,,,,,
981,7,1,7,5,2,27,,,,,,,,,,,,,,,,,,,,,,,,
986,1,1,7,3,3,32,,,,,,,,,,,,,,,,,,,,,,,,
987,0,0,1.5,5,4,22,,,,,,,,,,,,,,,,,,,,,,,,
990,0,0,4,3,4,22,,,,,,,,,,,,,,,,,,,,,,,,
992,0,0,4,4,1,22,,,,,,,,,,,,,,,,,,,,,,,,
995,0,0,15,5,5,37,,,,,,,,,,,,,,,,,,,,,,,,
1002,1,1,1.5,4,2,32,,,,,,,,,,,,,,,,,,,,,,,,
1007,12,1,15,2,4,42,,,,,,,,,,,,,,,,,,,,,,,,
1009,0,0,10,3,3,37,,,,,,,,,,,,,,,,,,,,,,,,
1011,7,1,10,4,3,32,,,,,,,,,,,,,,,,,,,,,,,,
1021,0,0,15,5,4,42,,,,,,,,,,,,,,,,,,,,,,,,
1026,0,0,15,5,4,47,,,,,,,,,,,,,,,,,,,,,,,,
1027,0,0,1.5,4,4,22,,,,,,,,,,,,,,,,,,,,,,,,
1030,0,0,10,4,3,32,,,,,,,,,,,,,,,,,,,,,,,,
1031,0,0,7,5,1,22,,,,,,,,,,,,,,,,,,,,,,,,
1034,0,0,10,4,4,32,,,,,,,,,,,,,,,,,,,,,,,,
1035,7,1,4,3,1,37,,,,,,,,,,,,,,,,,,,,,,,,
1037,0,0,1.5,4,2,27,,,,,,,,,,,,,,,,,,,,,,,,
1038,0,0,15,5,4,37,,,,,,,,,,,,,,,,,,,,,,,,
1039,0,0,4,5,3,42,,,,,,,,,,,,,,,,,,,,,,,,
1045,0,0,15,4,5,37,,,,,,,,,,,,,,,,,,,,,,,,
1046,0,0,7,5,4,32,,,,,,,,,,,,,,,,,,,,,,,,
1050,1,1,4,3,2,27,,,,,,,,,,,,,,,,,,,,,,,,
1054,0,0,15,5,4,42,,,,,,,,,,,,,,,,,,,,,,,,
1056,12,1,15,3,3,42,,,,,,,,,,,,,,,,,,,,,,,,
1057,1,1,10,5,5,27,,,,,,,,,,,,,,,,,,,,,,,,
1059,0,0,4,4,4,27,,,,,,,,,,,,,,,,,,,,,,,,
1063,0,0,0.75,5,4,22,,,,,,,,,,,,,,,,,,,,,,,,
1068,0,0,4,3,4,27,,,,,,,,,,,,,,,,,,,,,,,,
1070,0,0,0.75,5,5,22,,,,,,,,,,,,,,,,,,,,,,,,
1072,0,0,15,5,5,52,,,,,,,,,,,,,,,,,,,,,,,,
1073,0,0,10,5,3,32,,,,,,,,,,,,,,,,,,,,,,,,
1075,12,1,10,2,2,37,,,,,,,,,,,,,,,,,,,,,,,,
1077,0,0,15,4,4,37,,,,,,,,,,,,,,,,,,,,,,,,
1080,12,1,7,3,1,27,,,,,,,,,,,,,,,,,,,,,,,,
1081,0,0,7,4,2,32,,,,,,,,,,,,,,,,,,,,,,,,
1083,0,0,15,4,3,42,,,,,,,,,,,,,,,,,,,,,,,,
1084,0,0,15,5,1,32,,,,,,,,,,,,,,,,,,,,,,,,
1086,0,0,4,5,3,27,,,,,,,,,,,,,,,,,,,,,,,,
1087,0,0,15,4,4,32,,,,,,,,,,,,,,,,,,,,,,,,
1089,0,0,0.75,4,3,22,,,,,,,,,,,,,,,,,,,,,,,,
1096,0,0,1.5,3,3,22,,,,,,,,,,,,,,,,,,,,,,,,
1102,0,0,15,5,4,42,,,,,,,,,,,,,,,,,,,,,,,,
1103,0,0,15,4,3,52,,,,,,,,,,,,,,,,,,,,,,,,
1107,0,0,15,4,5,37,,,,,,,,,,,,,,,,,,,,,,,,
1109,0,0,15,3,4,47,,,,,,,,,,,,,,,,,,,,,,,,
1115,0,0,15,4,2,57,,,,,,,,,,,,,,,,,,,,,,,,
1119,0,0,7,5,4,32,,,,,,,,,,,,,,,,,,,,,,,,
1124,0,0,7,4,4,27,,,,,,,,,,,,,,,,,,,,,,,,
1125,3,1,7,2,4,27,,,,,,,,,,,,,,,,,,,,,,,,
1126,0,0,1.5,5,1,22,,,,,,,,,,,,,,,,,,,,,,,,
1128,0,0,4,4,3,22,,,,,,,,,,,,,,,,,,,,,,,,
1129,0,0,1.5,5,2,22,,,,,,,,,,,,,,,,,,,,,,,,
1130,0,0,15,4,2,42,,,,,,,,,,,,,,,,,,,,,,,,
1131,3,1,10,4,2,32,,,,,,,,,,,,,,,,,,,,,,,,
1133,0,0,15,4,4,57,,,,,,,,,,,,,,,,,,,,,,,,
1138,12,1,0.75,3,2,17.5,,,,,,,,,,,,,,,,,,,,,,,,
1140,0,0,7,5,2,27,,,,,,,,,,,,,,,,,,,,,,,,
1143,0,0,4,5,3,22,,,,,,,,,,,,,,,,,,,,,,,,
1146,0,0,15,3,4,37,,,,,,,,,,,,,,,,,,,,,,,,
1150,12,1,15,4,3,32,,,,,,,,,,,,,,,,,,,,,,,,
1153,0,0,7,4,1,32,,,,,,,,,,,,,,,,,,,,,,,,
1156,0,0,1.5,5,2,22,,,,,,,,,,,,,,,,,,,,,,,,
1157,0,0,1.5,3,3,22,,,,,,,,,,,,,,,,,,,,,,,,
1158,0,0,15,5,2,52,,,,,,,,,,,,,,,,,,,,,,,,
1160,0,0,15,1,2,37,,,,,,,,,,,,,,,,,,,,,,,,
1161,0,0,10,5,2,32,,,,,,,,,,,,,,,,,,,,,,,,
1163,2,1,7,3,4,22,,,,,,,,,,,,,,,,,,,,,,,,
1166,0,0,15,5,4,42,,,,,,,,,,,,,,,,,,,,,,,,
1169,1,1,7,5,4,32,,,,,,,,,,,,,,,,,,,,,,,,
1177,0,0,4,5,3,27,,,,,,,,,,,,,,,,,,,,,,,,
1178,0,0,15,5,4,37,,,,,,,,,,,,,,,,,,,,,,,,
1180,0,0,1.5,5,3,27,,,,,,,,,,,,,,,,,,,,,,,,
1187,0,0,0.125,3,2,22,,,,,,,,,,,,,,,,,,,,,,,,
1191,0,0,10,3,2,32,,,,,,,,,,,,,,,,,,,,,,,,
1195,0,0,4,4,4,27,,,,,,,,,,,,,,,,,,,,,,,,
1198,7,1,4,2,2,27,,,,,,,,,,,,,,,,,,,,,,,,
1204,1,1,1.5,3,5,22,,,,,,,,,,,,,,,,,,,,,,,,
1207,0,0,7,1,2,27,,,,,,,,,,,,,,,,,,,,,,,,
1208,0,0,4,3,5,32,,,,,,,,,,,,,,,,,,,,,,,,
1209,0,0,15,5,2,37,,,,,,,,,,,,,,,,,,,,,,,,
1211,0,0,15,4,4,47,,,,,,,,,,,,,,,,,,,,,,,,
1215,0,0,1.5,5,1,27,,,,,,,,,,,,,,,,,,,,,,,,
1218,12,1,15,1,3,32,,,,,,,,,,,,,,,,,,,,,,,,
1221,0,0,15,4,4,37,,,,,,,,,,,,,,,,,,,,,,,,
1226,0,0,15,4,4,32,,,,,,,,,,,,,,,,,,,,,,,,
1229,0,0,7,4,4,32,,,,,,,,,,,,,,,,,,,,,,,,
1230,12,1,15,2,2,42,,,,,,,,,,,,,,,,,,,,,,,,
1231,0,0,15,3,3,42,,,,,,,,,,,,,,,,,,,,,,,,
1234,0,0,7,4,3,27,,,,,,,,,,,,,,,,,,,,,,,,
1235,0,0,1.5,2,3,27,,,,,,,,,,,,,,,,,,,,,,,,
1236,7,1,15,4,3,42,,,,,,,,,,,,,,,,,,,,,,,,
1242,0,0,1.5,5,3,22,,,,,,,,,,,,,,,,,,,,,,,,
1245,0,0,4,2,3,27,,,,,,,,,,,,,,,,,,,,,,,,
1247,12,1,10,2,2,32,,,,,,,,,,,,,,,,,,,,,,,,
1259,12,1,15,1,3,32,,,,,,,,,,,,,,,,,,,,,,,,
1260,0,0,7,2,3,27,,,,,,,,,,,,,,,,,,,,,,,,
1266,0,0,15,4,2,37,,,,,,,,,,,,,,,,,,,,,,,,
1271,0,0,7,4,3,37,,,,,,,,,,,,,,,,,,,,,,,,
1273,0,0,1.5,5,2,22,,,,,,,,,,,,,,,,,,,,,,,,
1276,0,0,15,4,5,37,,,,,,,,,,,,,,,,,,,,,,,,
1280,0,0,1.5,3,4,22,,,,,,,,,,,,,,,,,,,,,,,,
1282,0,0,10,5,4,32,,,,,,,,,,,,,,,,,,,,,,,,
1285,0,0,4,3,2,27,,,,,,,,,,,,,,,,,,,,,,,,
1294,7,1,15,5,5,57,,,,,,,,,,,,,,,,,,,,,,,,
1295,0,0,0.417,5,4,22,,,,,,,,,,,,,,,,,,,,,,,,
1298,0,0,4,5,2,27,,,,,,,,,,,,,,,,,,,,,,,,
1299,0,0,15,3,4,37,,,,,,,,,,,,,,,,,,,,,,,,
1304,0,0,10,4,5,37,,,,,,,,,,,,,,,,,,,,,,,,
1305,0,0,7,2,2,27,,,,,,,,,,,,,,,,,,,,,,,,
1311,0,0,4,5,2,32,,,,,,,,,,,,,,,,,,,,,,,,
1314,0,0,4,4,2,32,,,,,,,,,,,,,,,,,,,,,,,,
1319,0,0,1.5,5,3,22,,,,,,,,,,,,,,,,,,,,,,,,
1322,0,0,4,4,4,22,,,,,,,,,,,,,,,,,,,,,,,,
1324,0,0,0.75,4,2,17.5,,,,,,,,,,,,,,,,,,,,,,,,
1327,0,0,10,5,4,32,,,,,,,,,,,,,,,,,,,,,,,,
1328,0,0,0.75,3,5,32,,,,,,,,,,,,,,,,,,,,,,,,
1330,0,0,15,3,4,37,,,,,,,,,,,,,,,,,,,,,,,,
1332,0,0,4,5,3,32,,,,,,,,,,,,,,,,,,,,,,,,
1333,0,0,1.5,2,2,27,,,,,,,,,,,,,,,,,,,,,,,,
1336,0,0,7,5,4,22,,,,,,,,,,,,,,,,,,,,,,,,
1341,0,0,15,5,5,47,,,,,,,,,,,,,,,,,,,,,,,,
1344,0,0,4,4,1,27,,,,,,,,,,,,,,,,,,,,,,,,
1352,0,0,15,3,5,37,,,,,,,,,,,,,,,,,,,,,,,,
1353,12,1,15,4,4,47,,,,,,,,,,,,,,,,,,,,,,,,
1358,0,0,4,5,4,42,,,,,,,,,,,,,,,,,,,,,,,,
1359,0,0,4,5,2,32,,,,,,,,,,,,,,,,,,,,,,,,
1361,0,0,15,4,2,52,,,,,,,,,,,,,,,,,,,,,,,,
1364,0,0,1.5,4,2,22,,,,,,,,,,,,,,,,,,,,,,,,
1368,0,0,15,4,4,52,,,,,,,,,,,,,,,,,,,,,,,,
1370,2,1,15,3,2,42,,,,,,,,,,,,,,,,,,,,,,,,
1384,0,0,0.417,5,3,22,,,,,,,,,,,,,,,,,,,,,,,,
1390,0,0,1.5,5,2,22,,,,,,,,,,,,,,,,,,,,,,,,
1393,0,0,4,4,4,27,,,,,,,,,,,,,,,,,,,,,,,,
1394,0,0,15,5,4,32,,,,,,,,,,,,,,,,,,,,,,,,
1402,0,0,1.5,5,2,27,,,,,,,,,,,,,,,,,,,,,,,,
1407,0,0,4,5,1,32,,,,,,,,,,,,,,,,,,,,,,,,
1408,0,0,15,4,3,37,,,,,,,,,,,,,,,,,,,,,,,,
1412,0,0,10,5,2,32,,,,,,,,,,,,,,,,,,,,,,,,
1413,0,0,10,5,5,32,,,,,,,,,,,,,,,,,,,,,,,,
1416,0,0,1.5,3,4,37,,,,,,,,,,,,,,,,,,,,,,,,
1417,0,0,1.5,4,2,32,,,,,,,,,,,,,,,,,,,,,,,,
1418,0,0,10,4,4,32,,,,,,,,,,,,,,,,,,,,,,,,
1419,0,0,15,4,4,47,,,,,,,,,,,,,,,,,,,,,,,,
1420,0,0,10,5,5,27,,,,,,,,,,,,,,,,,,,,,,,,
1423,0,0,4,5,3,27,,,,,,,,,,,,,,,,,,,,,,,,
1424,0,0,15,2,4,37,,,,,,,,,,,,,,,,,,,,,,,,
1427,12,1,15,3,3,37,,,,,,,,,,,,,,,,,,,,,,,,
1432,0,0,0.75,5,4,27,,,,,,,,,,,,,,,,,,,,,,,,
1433,0,0,15,5,4,37,,,,,,,,,,,,,,,,,,,,,,,,
1437,0,0,15,5,3,32,,,,,,,,,,,,,,,,,,,,,,,,
1438,0,0,10,5,2,27,,,,,,,,,,,,,,,,,,,,,,,,
1439,0,0,7,5,2,27,,,,,,,,,,,,,,,,,,,,,,,,
1445,12,1,15,2,5,37,,,,,,,,,,,,,,,,,,,,,,,,
1446,0,0,15,3,2,37,,,,,,,,,,,,,,,,,,,,,,,,
1450,0,0,1.5,4,2,27,,,,,,,,,,,,,,,,,,,,,,,,
1451,0,0,0.75,5,2,22,,,,,,,,,,,,,,,,,,,,,,,,
1452,0,0,4,4,4,22,,,,,,,,,,,,,,,,,,,,,,,,
1453,0,0,0.125,4,4,42,,,,,,,,,,,,,,,,,,,,,,,,
1456,0,0,1.5,5,4,27,,,,,,,,,,,,,,,,,,,,,,,,
1460,7,1,10,4,2,27,,,,,,,,,,,,,,,,,,,,,,,,
1464,0,0,7,3,3,27,,,,,,,,,,,,,,,,,,,,,,,,
1469,0,0,15,3,4,52,,,,,,,,,,,,,,,,,,,,,,,,
1473,0,0,1.5,2,5,27,,,,,,,,,,,,,,,,,,,,,,,,
1480,2,1,15,4,2,37,,,,,,,,,,,,,,,,,,,,,,,,
1481,0,0,1.5,5,2,27,,,,,,,,,,,,,,,,,,,,,,,,
1482,0,0,1.5,5,3,27,,,,,,,,,,,,,,,,,,,,,,,,
1496,0,0,0.125,4,5,22,,,,,,,,,,,,,,,,,,,,,,,,
1497,0,0,4,5,4,27,,,,,,,,,,,,,,,,,,,,,,,,
1504,0,0,4,5,4,27,,,,,,,,,,,,,,,,,,,,,,,,
1505,12,1,15,2,1,32,,,,,,,,,,,,,,,,,,,,,,,,
1513,0,0,15,5,2,47,,,,,,,,,,,,,,,,,,,,,,,,
1515,0,0,15,3,3,32,,,,,,,,,,,,,,,,,,,,,,,,
1534,0,0,7,5,2,42,,,,,,,,,,,,,,,,,,,,,,,,
1535,0,0,0.75,4,4,22,,,,,,,,,,,,,,,,,,,,,,,,
1536,0,0,0.125,5,3,27,,,,,,,,,,,,,,,,,,,,,,,,
1540,0,0,10,5,3,32,,,,,,,,,,,,,,,,,,,,,,,,
1543,7,1,10,3,3,32,,,,,,,,,,,,,,,,,,,,,,,,
1548,2,1,15,1,4,37,,,,,,,,,,,,,,,,,,,,,,,,
1550,7,1,1.5,5,2,27,,,,,,,,,,,,,,,,,,,,,,,,
1551,0,0,0.417,5,5,22,,,,,,,,,,,,,,,,,,,,,,,,
1555,0,0,15,4,5,47,,,,,,,,,,,,,,,,,,,,,,,,
1557,0,0,10,5,3,32,,,,,,,,,,,,,,,,,,,,,,,,
1561,3,1,15,2,2,47,,,,,,,,,,,,,,,,,,,,,,,,
1564,12,1,15,4,2,37,,,,,,,,,,,,,,,,,,,,,,,,
1566,0,0,15,5,4,57,,,,,,,,,,,,,,,,,,,,,,,,
1567,0,0,4,5,3,27,,,,,,,,,,,,,,,,,,,,,,,,
1573,12,1,4,5,2,27,,,,,,,,,,,,,,,,,,,,,,,,
1575,2,1,10,5,4,27,,,,,,,,,,,,,,,,,,,,,,,,
1576,0,0,7,5,4,32,,,,,,,,,,,,,,,,,,,,,,,,
1584,0,0,10,5,4,37,,,,,,,,,,,,,,,,,,,,,,,,
1585,0,0,10,4,1,32,,,,,,,,,,,,,,,,,,,,,,,,
1590,0,0,4,4,3,22,,,,,,,,,,,,,,,,,,,,,,,,
1594,0,0,7,2,4,27,,,,,,,,,,,,,,,,,,,,,,,,
1595,0,0,15,2,5,57,,,,,,,,,,,,,,,,,,,,,,,,
1599,1,1,4,3,3,22,,,,,,,,,,,,,,,,,,,,,,,,
1603,0,0,7,5,2,32,,,,,,,,,,,,,,,,,,,,,,,,
1608,0,0,1.5,3,4,27,,,,,,,,,,,,,,,,,,,,,,,,
1609,0,0,1.5,5,4,22,,,,,,,,,,,,,,,,,,,,,,,,
1615,0,0,1.5,4,4,22,,,,,,,,,,,,,,,,,,,,,,,,
1616,0,0,7,5,3,32,,,,,,,,,,,,,,,,,,,,,,,,
1617,0,0,15,4,3,47,,,,,,,,,,,,,,,,,,,,,,,,
1620,0,0,0.75,5,3,22,,,,,,,,,,,,,,,,,,,,,,,,
1621,0,0,1.5,5,2,22,,,,,,,,,,,,,,,,,,,,,,,,
1622,12,1,7,5,4,52,,,,,,,,,,,,,,,,,,,,,,,,
1629,2,1,4,5,1,27,,,,,,,,,,,,,,,,,,,,,,,,
1637,0,0,4,5,1,27,,,,,,,,,,,,,,,,,,,,,,,,
1638,0,0,15,5,4,52,,,,,,,,,,,,,,,,,,,,,,,,
1650,0,0,10,5,4,32,,,,,,,,,,,,,,,,,,,,,,,,
1654,0,0,15,4,4,47,,,,,,,,,,,,,,,,,,,,,,,,
1664,7,1,15,4,2,37,,,,,,,,,,,,,,,,,,,,,,,,
1665,0,0,7,2,2,27,,,,,,,,,,,,,,,,,,,,,,,,
1669,2,1,4,1,1,27,,,,,,,,,,,,,,,,,,,,,,,,
1670,0,0,1.5,5,4,22,,,,,,,,,,,,,,,,,,,,,,,,
1671,0,0,10,4,2,32,,,,,,,,,,,,,,,,,,,,,,,,
1674,12,1,0.75,5,2,17.5,,,,,,,,,,,,,,,,,,,,,,,,
1675,0,0,0.75,4,2,22,,,,,,,,,,,,,,,,,,,,,,,,
1682,7,1,15,4,5,32,,,,,,,,,,,,,,,,,,,,,,,,
1685,7,1,4,5,1,22,,,,,,,,,,,,,,,,,,,,,,,,
1688,0,0,1.5,5,2,22,,,,,,,,,,,,,,,,,,,,,,,,
1691,0,0,15,4,3,42,,,,,,,,,,,,,,,,,,,,,,,,
1695,0,0,7,5,5,27,,,,,,,,,,,,,,,,,,,,,,,,
1697,2,1,4,4,4,32,,,,,,,,,,,,,,,,,,,,,,,,
1698,0,0,15,4,4,42,,,,,,,,,,,,,,,,,,,,,,,,
1704,0,0,15,2,3,57,,,,,,,,,,,,,,,,,,,,,,,,
1705,0,0,15,2,3,42,,,,,,,,,,,,,,,,,,,,,,,,
1711,0,0,7,2,2,32,,,,,,,,,,,,,,,,,,,,,,,,
1716,1,1,1.5,2,3,22,,,,,,,,,,,,,,,,,,,,,,,,
1719,0,0,4,5,5,22,,,,,,,,,,,,,,,,,,,,,,,,
1723,0,0,1.5,5,1,22,,,,,,,,,,,,,,,,,,,,,,,,
1726,0,0,0.75,5,1,22,,,,,,,,,,,,,,,,,,,,,,,,
1730,3,1,15,4,2,42,,,,,,,,,,,,,,,,,,,,,,,,
1731,1,1,7,4,4,32,,,,,,,,,,,,,,,,,,,,,,,,
1732,12,1,15,2,3,37,,,,,,,,,,,,,,,,,,,,,,,,
1743,1,1,15,3,3,42,,,,,,,,,,,,,,,,,,,,,,,,
1749,0,0,15,5,4,32,,,,,,,,,,,,,,,,,,,,,,,,
1751,1,1,4,4,1,27,,,,,,,,,,,,,,,,,,,,,,,,
1752,0,0,1.5,3,2,22,,,,,,,,,,,,,,,,,,,,,,,,
1754,0,0,4,5,5,27,,,,,,,,,,,,,,,,,,,,,,,,
1757,2,1,15,3,4,37,,,,,,,,,,,,,,,,,,,,,,,,
1758,0,0,4,5,4,27,,,,,,,,,,,,,,,,,,,,,,,,
1761,0,0,15,4,5,42,,,,,,,,,,,,,,,,,,,,,,,,
1763,7,1,15,4,3,37,,,,,,,,,,,,,,,,,,,,,,,,
1766,3,1,1.5,3,2,22,,,,,,,,,,,,,,,,,,,,,,,,
1772,3,1,4,2,3,32,,,,,,,,,,,,,,,,,,,,,,,,
1773,0,0,1.5,3,2,32,,,,,,,,,,,,,,,,,,,,,,,,
1775,0,0,15,1,4,57,,,,,,,,,,,,,,,,,,,,,,,,
1776,2,1,15,5,5,32,,,,,,,,,,,,,,,,,,,,,,,,
1782,12,1,15,5,1,52,,,,,,,,,,,,,,,,,,,,,,,,
1784,12,1,15,5,1,47,,,,,,,,,,,,,,,,,,,,,,,,
1786,0,0,7,5,4,37,,,,,,,,,,,,,,,,,,,,,,,,
1791,3,1,15,4,4,32,,,,,,,,,,,,,,,,,,,,,,,,
1793,0,0,15,4,2,52,,,,,,,,,,,,,,,,,,,,,,,,
1799,0,0,15,5,4,47,,,,,,,,,,,,,,,,,,,,,,,,
1803,0,0,7,4,2,27,,,,,,,,,,,,,,,,,,,,,,,,
1806,0,0,7,5,4,27,,,,,,,,,,,,,,,,,,,,,,,,
1807,0,0,4,3,2,22,,,,,,,,,,,,,,,,,,,,,,,,
1808,0,0,7,5,2,37,,,,,,,,,,,,,,,,,,,,,,,,
1814,0,0,7,3,4,27,,,,,,,,,,,,,,,,,,,,,,,,
1815,0,0,10,4,4,42,,,,,,,,,,,,,,,,,,,,,,,,
1818,0,0,1.5,5,3,22,,,,,,,,,,,,,,,,,,,,,,,,
1827,0,0,4,3,2,22,,,,,,,,,,,,,,,,,,,,,,,,
1831,7,1,15,2,3,32,,,,,,,,,,,,,,,,,,,,,,,,
1834,0,0,15,5,4,57,,,,,,,,,,,,,,,,,,,,,,,,
1835,0,0,15,3,4,37,,,,,,,,,,,,,,,,,,,,,,,,
1840,7,1,7,2,4,27,,,,,,,,,,,,,,,,,,,,,,,,
1843,0,0,7,5,3,27,,,,,,,,,,,,,,,,,,,,,,,,
1844,12,1,15,2,3,42,,,,,,,,,,,,,,,,,,,,,,,,
1846,0,0,10,5,4,17.5,,,,,,,,,,,,,,,,,,,,,,,,
1850,0,0,4,5,4,22,,,,,,,,,,,,,,,,,,,,,,,,
1851,0,0,4,4,2,27,,,,,,,,,,,,,,,,,,,,,,,,
1854,0,0,15,1,2,37,,,,,,,,,,,,,,,,,,,,,,,,
1856,7,1,15,2,2,42,,,,,,,,,,,,,,,,,,,,,,,,
1859,0,0,1.5,4,5,22,,,,,,,,,,,,,,,,,,,,,,,,
1861,0,0,7,4,2,27,,,,,,,,,,,,,,,,,,,,,,,,
1866,0,0,4,5,4,27,,,,,,,,,,,,,,,,,,,,,,,,
1873,0,0,0.125,5,1,22,,,,,,,,,,,,,,,,,,,,,,,,
1875,0,0,7,4,4,27,,,,,,,,,,,,,,,,,,,,,,,,
1876,12,1,7,4,2,27,,,,,,,,,,,,,,,,,,,,,,,,
1885,0,0,15,3,5,32,,,,,,,,,,,,,,,,,,,,,,,,
1892,0,0,10,4,4,32,,,,,,,,,,,,,,,,,,,,,,,,
1895,0,0,15,4,2,32,,,,,,,,,,,,,,,,,,,,,,,,
1896,0,0,1.5,5,3,22,,,,,,,,,,,,,,,,,,,,,,,,
1897,0,0,4,4,4,27,,,,,,,,,,,,,,,,,,,,,,,,
1899,0,0,15,5,5,52,,,,,,,,,,,,,,,,,,,,,,,,
1904,0,0,7,2,2,27,,,,,,,,,,,,,,,,,,,,,,,,
1905,0,0,7,4,3,27,,,,,,,,,,,,,,,,,,,,,,,,
1908,0,0,15,4,2,42,,,,,,,,,,,,,,,,,,,,,,,,
1916,0,0,15,4,4,42,,,,,,,,,,,,,,,,,,,,,,,,
1918,0,0,7,3,4,27,,,,,,,,,,,,,,,,,,,,,,,,
1920,0,0,7,2,2,27,,,,,,,,,,,,,,,,,,,,,,,,
1929,3,1,10,3,4,32,,,,,,,,,,,,,,,,,,,,,,,,
1930,0,0,15,3,3,42,,,,,,,,,,,,,,,,,,,,,,,,
1935,7,1,15,2,3,47,,,,,,,,,,,,,,,,,,,,,,,,
1938,1,1,1.5,5,1,22,,,,,,,,,,,,,,,,,,,,,,,,
1940,0,0,4,5,3,27,,,,,,,,,,,,,,,,,,,,,,,,
1941,7,1,10,4,2,32,,,,,,,,,,,,,,,,,,,,,,,,
1947,0,0,7,4,3,27,,,,,,,,,,,,,,,,,,,,,,,,
1949,0,0,1.5,5,2,22,,,,,,,,,,,,,,,,,,,,,,,,
1951,0,0,4,4,4,27,,,,,,,,,,,,,,,,,,,,,,,,
1952,0,0,4,5,4,22,,,,,,,,,,,,,,,,,,,,,,,,
1954,2,1,10,5,2,32,,,,,,,,,,,,,,,,,,,,,,,,
1959,2,1,7,2,3,22,,,,,,,,,,,,,,,,,,,,,,,,
1960,0,0,1.5,5,2,22,,,,,,,,,,,,,,,,,,,,,,,,
9001,0,0,15,4,4,47,,,,,,,,,,,,,,,,,,,,,,,,
9010,1,1,15,5,3,32,,,,,,,,,,,,,,,,,,,,,,,,
9012,0,0,10,2,2,37,,,,,,,,,,,,,,,,,,,,,,,,
9023,0,0,15,4,3,37,,,,,,,,,,,,,,,,,,,,,,,,
9029,0,0,4,4,2,27,,,,,,,,,,,,,,,,,,,,,,,,
